"Suburb_name","Median_price_2023","Historical_population_growth","Historical_median_income","Historical_unemployment_rate","Historical_priority_growth_area","Projected_population_growth","Projected_median_income","Projected_unemployment_rate","Projected_priority_growth_area"
"KYNETON",206166,3.24,94327,0.42,0,3.30020487975309,98290.5258158009,0.416645928392953,0
"INVERLOCH",416794,4.43,135279,2.83,0,4.49494060584703,140999.710335646,2.86344338918707,0
"DINNER PLAIN",147057,4.57,126613,9.04,0,4.71543110673973,132956.388905966,9.3010706292048,0
"SORRENTO",391528,6.55,132536,5.34,0,6.84139512616455,139719.296360957,5.50572612294333,0
"DROUIN",667824,8.04,104443,1.43,0,8.34073522624361,107530.184266851,1.50041955627952,0
"CORIO",284413,4.53,173997,10.03,0,4.72365299492152,181343.428580917,9.61651899301447,0
"CAPEL SOUND",373903,2.59,197408,0.39,1,2.64349232406681,207901.851651656,0.389732333969387,1
"MOUNT ELIZA",502413,4.98,105553,7.99,1,5.20628694733837,111349.101726086,8.00707828574653,1
"OCEAN GROVE",264422,4.29,111383,10.8,1,4.39759992235729,114891.160796052,11.1288961004881,1
"PORTARLINGTON",325595,2.97,155722,1.11,1,3.10097078294141,159485.201874283,1.08406579523036,1
"POINT LONSDALE",274458,3.86,134322.076586433,4.86,0,3.97134951111896,99204.1508954195,4.65071494749058,0
"SAFETY BEACH",195711,3.93,129791,1.44,0,4.01140722216507,137295.513096938,1.41318126867865,0
"HAMLYN HEIGHTS",217426,3.5,152773,2.76,0,3.57143623634375,158654.636524315,2.89356408082174,0
"MADDINGLEY",285602,3.11,192387,2.97,1,3.21171788481496,199455.866233748,3.0886340357539,1
"ROSEBUD",156271,3.39,159341,3.11,0,3.43461379264005,162611.214928466,3.07742180485441,0
"WANGARATTA",489831,4.78,182844,7.28,1,5.00562674440532,186873.989147363,7.5539260150864,1
"CRANBOURNE WEST",521157,6.16,115659,5.07,1,6.28848860534012,121065.808100285,4.83310652344715,1
"SEYMOUR",446227,6.04,87875,7.47,0,6.18148695599156,91705.7421465684,7.33121044586576,0
"SKYE",276675,4.51,94770,10.21,0,4.59718760029492,98847.1126739364,10.4415748967953,0
"ST LEONARDS",397505,5.61,100412,12.19,0,5.66677498634983,102863.349625095,11.8504502939895,0
"COWES WEST",223933,4.12,136831,2.23,0,4.27533227902609,141494.535275712,2.16274118218167,0
"DARLEY",116361,4.25,152554,9.73,0,4.39289399317582,160562.219339284,10.0820387422233,0
"KEILOR",527673,7.15,93109,6.33,0,7.45305833849638,95622.6123659062,6.40339885736158,0
"CHIRNSIDE PARK",431238,5.63,79161,2.09,0,5.69553562618116,83539.1962190008,2.19220574812722,0
"CLARINDA",684471,6.49,134769,5.61,0,6.79597900537277,138119.240362389,5.4050496883926,0
"HEATHMONT",275828,3.91,149693,4.94,0,4.00085071742544,153699.67882697,4.86892743317317,0
"NORLANE",309334,5.25,194617,11.68,0,5.49424467112622,202228.470567594,11.4594972182667,0
"WARRANWOOD",207502,3.63,175620,4.28,0,3.68185549119621,185772.94276877,4.44269659774369,0
"BARWON HEADS",304997,5.29,171682,5.32,0,5.50031359503898,177378.736179175,5.18981774866288,0
"LEOPOLD",295183,3.91,183534,4.24,0,4.03971162739602,192036.895249187,4.17786746301385,0
"DEEPDENE",232298,4.42,122184,9.69,0,4.52752820685666,127504.728349671,9.34390602552949,0
"DRYSDALE",257639,4.39,149550,7.74,0,4.44779740472584,153436.042611546,7.95316036057047,0
"WOLLERT",242623,4.09,175353,7.36,0,4.22983489301093,180600.732426407,7.16694961699372,0
"BELMONT",219742,3.51,158401,4.17,0,3.54881215958358,167462.505173582,3.98998955352084,0
"BLACK HILL",152482,4.35,95240,6.06,0,4.4807230852514,97848.9269342688,6.02067589201068,0
"CHELSEA HEIGHTS",262155,3.76,146864,6.61,0,3.88847296979937,153884.15729796,6.53825381993857,0
"LAKE WENDOUREE",180351,4.23,95241,7.65,0,4.39624301804105,100820.958688693,7.40337104129361,0
"LONGWARRY",201318,3,111973,8.76,1,3.14896015610698,114747.717778595,8.43903146246891,1
"SUNSHINE NORTH",310299,3.4,76816,0.97,0,3.46937274503706,79578.8625503292,1.00846604969818,0
"YARRA JUNCTION",465714,3.3,173803,2.38,1,3.3755554564213,178835.863140023,2.27714698779919,1
"BLACK ROCK",189191,4.31,196734,3.94,0,4.41191345778987,202412.227342603,3.78212851693835,0
"SPRINGVALE SOUTH",214017,4.03,111108,8.19,0,4.18823113315164,113858.971166205,7.98119372325235,0
"TYABB",219706,3.65,142631,5.7,0,3.82254561316539,149189.465396955,5.95811833810421,0
"MILDURA",263356,5.3,160057,6.94,0,5.55955663491129,168036.440126631,6.65225666916678,0
"TORQUAY",409254,4.71,187730,3.8,0,4.93529086145955,196566.780829145,3.9200856341623,0
"CROYDON SOUTH",278147,4.83,75836,10.09,0,5.04819679709059,80157.6098848003,10.4855806226987,0
"KANGAROO FLAT",551417,7.23,160635,5.02,0,7.58889065650893,164783.744617537,4.95868960620834,0
"KILSYTH",250520,5.07,172645,9.49,0,5.19694179340204,178306.688179522,9.29440578544042,0
"YARRA GLEN",260407,2.63,131324,3.19,1,2.75606340286386,135760.507186455,3.24658349531411,1
"BALLARAT NORTH",409327,5.42,100086,8.61,0,5.63918912784743,103016.846777825,8.7844683911254,0
"BENDIGO",320495,4.61,109336,5.53,0,4.68716399809696,112144.644790974,5.68482737104176,0
"BLACKBURN NORTH",327704,4.52,150788,1.15,0,4.5734201059682,156739.321749119,1.18801517985283,0
"BREAKWATER",365316,5.27,112190,4.2,0,5.36791321831906,118178.431274826,4.10272609152518,0
"FRANKSTON",271187,3.27,189916,2.01,0,3.40456064705682,200965.614661107,2.04757928197922,0
"GISBORNE",412517,5.26,123739,3.27,0,5.44550902380993,126853.959219603,3.15061417184109,0
"MOUNT PLEASANT",457875,5.54,156794,6.59,0,5.64511734662803,165092.524576737,6.5970719474876,0
"EUMEMMERRING",272700,3.93,120903,10.83,1,4.0859300526429,127308.833260395,10.9522565305831,1
"KOO WEE RUP",193146,4.27,121799,5.26,0,4.33683783849604,126130.065849079,5.08207099869186,0
"LANGWARRIN",245744,4,84967,6.93,0,4.17149462301739,87040.2954829907,6.63651903202564,0
"CALIFORNIA GULLY",410845,5.69,100441,3.26,0,5.92765103813094,106427.315768267,3.16048728932604,0
"DAYLESFORD",412436,4.61,156425,2.4,0,4.8354430089982,163655.545592019,2.38094129948457,0
"CRANBOURNE",286081,4.08,142874,3.22,0,4.14532562494751,151344.689109335,3.34488479485655,0
"DROMANA",253153,3.98,122848,8.2,0,4.1641327887108,127681.604511633,8.22616982811848,0
"FRANKSTON NORTH",173845,3.78,166180,3.72,0,3.86937472275474,172130.526909179,3.81243935572504,0
"KEYSBOROUGH",428185,6.13,67160,7.58,0,6.29331787884781,69167.239062647,7.33300155244492,0
"MORNINGTON",176220,3.36,147008,11.69,1,3.45655901645198,155731.87811346,11.2293885135266,1
"SYNDAL",411720,6.48,153235,4.48,0,6.7072935305901,157852.015107442,4.36334857621924,0
"WOODEND",326463,5.96,130446,9.74,0,6.25675158743614,133178.910259905,9.55871952205781,0
"BENTLEIGH EAST",226470,3.02,149601,5.17,1,3.12267502340907,155659.65148565,5.19486874373108,1
"CROYDON NORTH",329874,4.23,118782,7.67,0,4.42910032436484,122949.112466623,7.96241362671953,0
"DINGLEY VILLAGE",235080,3.97,186949,3.37,0,4.05019847849105,192642.587905344,3.34509321185397,0
"FLORA HILL",367243,5.12,139211,1.26,0,5.25279470833974,145528.997220138,1.26236857166847,0
"MAFFRA",308809.5,3.79,151614,1.68,1,3.90438212866289,156855.408871165,1.59677507404547,1
"MONTMORENCY",423747,4.25,120596,4.85,1,4.34739333826373,124948.313925098,4.62365635050227,1
"MORWELL",167357,3.98,73097,8.01,0,4.17531724279192,74626.3225803137,7.67659912914197,0
"NOBLE PARK NORTH",198678,3.16,194577,11.12,1,3.28332640121261,203053.326162603,11.3412814230527,1
"SOMERVILLE",475776,5.21,89034,2.62,0,5.36189887379485,91249.4188828561,2.61638213861824,0
"BALWYN",563550,7.49,154757,7.66,0,7.78999088848245,159175.651941923,7.4248082780754,0
"CHELTENHAM NORTH",332962,4.56,106750,6.63,0,4.69086151183268,111947.093094016,6.69139342785135,0
"HAMPTON PARK",137798,2.15,165820,1.25,1,2.17298137815364,171214.076354233,1.25557651897738,1
"HASTINGS",650031,5.79,119349,3.83,0,5.97370359324887,122515.138954163,3.67251013259323,0
"MOOROOLBARK",407543,4.68,86651,4.13,0,4.8438346729521,90385.3951906844,4.18799047513218,0
"ROMSEY",277875,3.88,118941,4.5,0,4.07108339138512,122342.258221297,4.62021969268373,0
"BAYSWATER NORTH",169449,3.89,137504,4.09,0,3.93524736718935,141744.503533287,4.00270075275302,0
"BELL PARK",400431,5.13,169011,8.38,0,5.28638229566979,176591.747124747,8.53711566635123,0
"HEIDELBERG WEST",538040,5.23,147314,1.35,1,5.30283397510339,154619.959938394,1.30946213479619,1
"NEWCOMB",409531,5.78,92801,5.42,0,5.87224785244321,97402.6663378334,5.55914701703177,0
"ROSEBUD SOUTH",203109,3.42,137015,4.91,1,3.53771138477089,142398.283243099,5.11218111703926,1
"SEAFORD",490411,8.69,174240,6.66,0,8.85739293678383,180891.067750971,6.6212835044519,0
"SOUTH KINGSVILLE",269472,3.71,163909,3.54,0,3.85827743811618,172351.265380086,3.44959621568691,0
"ST ALBANS PARK",314255,3.81,106191,3.62,0,3.92646388075152,109134.762019777,3.58350196619557,0
"VIEWBANK",248991,4.2,69958,10,0,4.27865976470784,71783.0711529678,9.75007747265572,0
"ASPENDALE",268756,3.99,131285,7.08,0,4.10870915174513,137401.279669747,6.72687747804259,0
"CARRUM DOWNS",205526,3.25,171753,1.18,0,3.28261462449806,178001.421780086,1.19775388019292,0
"KENNINGTON",322490,3.67,186835,5.45,1,3.83335023840897,195877.802495225,5.2006770198694,1
"LARA",482475,5.91,164323,3.87,0,5.97209716833598,169296.072740806,3.75792121646407,0
"MACLEOD",592532,8.46,93293,8.69,0,8.54697214761936,96371.1908960145,8.88330866427681,0
"NORTH BENDIGO",249821,4.85,121302,12.39,0,5.01713176497685,128078.791688059,12.5953332922417,0
"RINGWOOD NORTH",364645,3.89,195669,2.23,0,4.08037985605294,202882.584437866,2.13485234738629,0
"WHITTINGTON",364676,5.4,186048,6.95,0,5.63888163262046,194166.788445382,7.06123804504996,0
"WHITTLESEA",209974,4.17,154169,4.68,0,4.25373675461992,157910.263487401,4.88150904832147,0
"WODONGA",249147,2.74,197378,3.56,1,2.78895468250179,202737.437773962,3.40852287897047,1
"WONTHAGGI",553540,6.19,150055,0.95,0,6.40692537592484,153271.505325939,0.94199038162928,0
"BELL POST HILL",256020,4.37,83684,7.06,0,4.55749707817946,86778.2018804585,7.22198032642058,0
"DOVETON",315509,3.62,96898,3.02,0,3.70862899154632,102668.934823822,3.07065234695973,0
"EAGLEHAWK",309751,2.73,156868,2.94,1,2.80451312126808,165488.669348405,2.85959409948603,1
"ENDEAVOUR HILLS",379479,6.79,114563,7.09,0,6.88926695191488,119754.577760893,6.85111469974516,0
"LONG GULLY",359488,4.45,145999,9.08,0,4.52170310298345,153947.749069172,9.33809627966917,0
"MONTROSE",67157,4.88,80350,11.38,0,5.03974223134908,83866.6603113167,11.8992064176618,0
"FRANKSTON SOUTH",357816,3.3,133750,1.58,0,3.34655061123879,138397.913509788,1.62227818787177,0
"GROVEDALE",183372,3.85,94571,6.94,0,3.91961510321857,97118.9182679413,7.26146391064524,0
"LAKES ENTRANCE",242507,5.37,79033,15.33,0,5.47410862475775,82678.1560483014,15.4909579852021,0
"OAKLEIGH SOUTH",231290,3.46,117220,0.86,0,3.55603915539677,120469.578824741,0.896902502019505,0
"RINGWOOD EAST",364843,4.67,159494,4.47,0,4.7252203148983,165346.973118916,4.55512475546156,0
"SEBASTOPOL",250389,4.35,155377,8.44,0,4.48046014907457,163616.964513142,8.78509872916972,0
"TEMPLESTOWE LOWER",309849,3.32,196571,4.46,1,3.47652796116913,201518.529329354,4.30906867971444,1
"BALLARAT CENTRAL",538816,5.16,136122,0.29,0,5.21664929965498,139546.946144194,0.299151391256575,0
"BENALLA",279443,3.58,108466,1.65,0,3.70615703269771,111608.921296382,1.59996305715732,0
"BITTERN",208905,4.38,142633,6.64,0,4.57023958237455,148634.524850671,6.32621292369211,0
"DALLAS",386327,4.95,188912,7.14,0,5.06136724682474,194592.383429001,7.15255649970668,0
"FOREST HILL",257586,3.66,177498,4.54,0,3.71585431499081,184620.625098676,4.45748630837508,0
"HIGHTON",212759,3.9,94476,3.73,0,3.94576100686705,97506.724366499,3.55973719794693,0
"KEILOR DOWNS",279371,4.01,114619,7.08,0,4.1533820507335,119232.379011376,7.42005550013954,0
"SOLDIERS HILL",298234,4.96,131781,8.76,0,5.11916330103745,135880.081999236,8.90582429964923,0
"BOX HILL NORTH",200032,3.32,177512,1.52,0,3.38365037445846,188020.798272761,1.58107545032877,0
"CRIB POINT",520693,4.77,105097,0.11,1,4.97637258229614,109270.266930253,0.115489908444591,1
"CROYDON",192732,4.68,92797,1.95,0,4.86448678912292,97413.2551901977,1.92893351365086,0
"MOE",177201,3.71,148048,5.29,0,3.78812203169204,155157.54067807,5.16025588820035,0
"MOUNT EVELYN",423949,6.74,118707,15.01,0,7.01050667096431,123410.453268244,14.5355104734229,0
"MOUNT WAVERLEY",254597,3.95,102134,3.92,0,4.02820908573312,105152.517512256,3.92595334625421,0
"SANCTUARY LAKES",210819,5,142511,9.75,0,5.18505349237327,148272.538900146,9.8534287580646,0
"TRAFALGAR",459451,6.63,79936,12.62,0,6.72773814489279,83712.0859085487,12.585197492873,0
"BAYSWATER",301967,4.58,127976,4.58,0,4.75261826968264,132889.865142784,4.52836142279932,0
"BLACKBURN SOUTH",359427,5.54,130162,2.51,0,5.64831241124647,133191.781432982,2.42673641342824,0
"BRIGHTON EAST",683811,5.26,83153,4.31,1,5.43304755213246,84875.8743794977,4.28494149786238,1
"CRANBOURNE NORTH",382168,3.81,113262,1.92,1,3.87438349330823,117012.679323227,1.84036668231918,1
"ELTHAM",393087,4.67,77485,4.11,0,4.85231062580569,79500.3040365336,4.2600346289028,0
"LOWER PLENTY",151895,4.12,97811,9.26,0,4.17123295385997,103312.634965771,8.84043185584271,0
"NUNAWADING",419871,5.24,73488,2.43,0,5.32707156811385,75474.623650368,2.40099699300077,0
"PAYNESVILLE",141535,3.82,130320,6.94,0,3.88633605412426,134981.7169316,6.66249568111582,0
"TAYLORS HILL",270718,5.02,102431,5.17,0,5.07850179203948,107397.17246556,5.31216491822448,0
"WHEELERS HILL",329325,4.03,118046,2,0,4.19039601760503,124257.21061113,1.96254739576559,0
"BERWICK",264575,3.71,85216,13.74,1,3.89267335170341,88548.6721624491,13.2084071117846,1
"BORONIA",369801,4.49,173768,6.75,0,4.67470024279874,178502.378733985,6.77125662673355,0
"CANTERBURY",249883,4.69,135449,11,0,4.89835455609416,139625.679485525,11.4579047079525,0
"CAULFIELD SOUTH",386004,3.71,122796,3.84,0,3.7479915367942,127309.825979862,3.99691963050977,0
"DANDENONG NORTH",420995,5.04,84984,1.72,0,5.11416258469696,87923.0682631698,1.67693997907484,0
"DIAMOND CREEK",459072,5.74,99083,5.53,0,5.9257510699021,102446.561711946,5.65147180080601,0
"FERNTREE GULLY",451568,5.9,71774,7.12,1,6.18977705681142,73588.0269906913,6.78556234530279,1
"HEIDELBERG HEIGHTS",205706,3.46,69750,0.66,0,3.58604266965707,73693.135603557,0.635702218569226,0
"HERNE HILL",369295,5.55,87717,10.78,0,5.68855834600985,89575.7464098057,10.7794312151983,0
"HORSHAM",238886,3.98,141828,5.48,0,4.04306696943265,147160.744871694,5.33135852609962,0
"MONT ALBERT NORTH",371710,5.05,172312,5.92,0,5.1313728102653,182515.086280648,6.0965710175444,0
"PAKENHAM",338192,3.46,167770,0.19,1,3.54480504320064,175552.675408661,0.198190371269001,1
"PATTERSON LAKES",213795,4.46,92425,12.27,0,4.63194373920617,95587.4532238212,11.6618169793244,0
"QUEENSCLIFF",273930,4.1,95372,4.5,0,4.14621836372809,97836.7847529787,4.37981212332044,0
"RESERVOIR",175273,3.68,103661,1.26,0,3.84224054146315,109730.859926954,1.2523837216056,0
"RIDDELLS CREEK",265492,3.14,144746,9.78,1,3.28965886032264,147721.898797428,9.84169154400863,1
"STAWELL",238357,5.04,167518,5.92,0,5.26958539844302,175434.147322159,6.16621444433452,0
"WANTIRNA",324281,4.79,130563,7.22,0,5.01283595584044,137770.795547373,7.50293988015204,0
"WEST WODONGA",354647,3.21,96222,1.49,0,3.2440695634773,98243.2797063134,1.51043834482073,0
"CARRUM",280915,3.8,185847,4.96,0,3.98662443202438,194954.802918665,4.83966445498561,0
"CASTLEMAINE",370325,3.78,83645,7.73,1,3.87319319577142,88659.8113816061,7.94898147703597,1
"CHELSEA",295048,3.47,143125,2.61,1,3.62535621922909,149649.453132582,2.53239211230597,1
"EDITHVALE",454130,4.72,195527,5.67,0,4.80246951478809,202680.777225399,5.93375270776289,0
"ESSENDON WEST",311189,3.82,149719,6.29,0,3.92642913347879,157949.956052052,5.97917330699668,0
"NARRE WARREN",166707,3.25,149690,10.52,1,3.28824137052112,156002.00365588,10.5933985701111,1
"NEWBOROUGH",174372,2.99,92349,8.62,1,3.0246930892224,96964.3845104082,8.26519842684644,1
"NEWTOWN (GREATER GEELONG)",303613,3.69,195608,5.29,0,3.8661275524736,204119.130921265,5.24112015146629,0
"NOBLE PARK",530961,5.4,139795,4.7,0,5.62909102830627,142805.016130974,4.7634187639459,0
"SANDRINGHAM",577191,7.33,72791,5.44,1,7.55864499622212,74867.4214734582,5.543141581602,1
"VERMONT",268807,4.22,180276,0.68,0,4.35089733969769,184449.487282561,0.699418723937828,0
"VERMONT SOUTH",516276,6.84,82208,3.37,0,7.11325926361508,84202.9835028,3.40145143583173,0
"WALLAN",148830,4.32,92221,3.72,0,4.42224036545538,94122.2484009674,3.62749079867839,0
"ASHWOOD",336958,3.35,106982,2.8,1,3.4855904829655,110923.922871396,2.90899090802176,1
"BONBEACH",398469,5.17,112676,9.7,0,5.32199973298261,115734.710050381,10.0017741906233,0
"BRIAR HILL",254307,5.69,151428,10.64,0,5.89209000090265,159639.616508214,10.2782956660401,0
"BRIGHTON",533763,6.99,86138,4.25,0,7.32966631424884,90445.0293363471,4.38876725328834,0
"GOLDEN SQUARE",275216,4.7,89525,5.71,0,4.83560732481381,93368.0468184343,5.97988001858489,0
"NARRE WARREN SOUTH",369510,3.9,171409,4.12,0,4.00427112692045,178190.086391407,4.17653427612486,0
"OSBORNE",181053,3.69,78337,3.89,0,3.86058857807374,80705.499267872,3.8051222317913,0
"ROWVILLE",515330,5.68,82745,5.7,0,5.94186628844499,85971.894361753,5.76075848382585,0
"SOUTH GEELONG",229926,5.29,90225,13.65,0,5.55289579731848,94343.6964565947,13.4350603693874,0
"SPRINGVALE",460527,3.74,160720,1.62,1,3.85980910469652,168963.192896407,1.64850332824405,1
"UPPER FERNTREE GULLY",233358,3.54,128409,3.35,0,3.62414743420937,131396.728497853,3.36500798641772,0
"WESTALL",268155,3.9,177603,2.45,0,3.97650084985572,186188.078164611,2.55522519996199,0
"ABERFELDIE",242322,5.26,121058,11.76,0,5.31977387350263,127075.695736839,11.8986604468041,0
"ALTONA",586308,4.85,130739,0.95,1,5.03948535309691,136276.958663069,0.922828259954081,1
"BULLEEN",297881,4.64,117189,4.58,0,4.7297331778453,120537.41408901,4.68310032199058,0
"DONVALE",194028,4.62,152080,11.36,0,4.7783072355897,158401.567682687,11.13379776909,0
"HEALESVILLE",368460,4.16,82678,4.91,0,4.35412096959663,85994.0653687491,4.79824395789786,0
"LALOR",311378,4.08,124788,4.04,0,4.27587486072679,129658.276460317,3.9962777567321,0
"LARA LAKE",304856,4.48,188084,9.01,0,4.52559029600927,195311.239914429,8.57030900783547,0
"POINT COOK",208070,3.67,186934,3.53,0,3.75324661460605,191501.362656366,3.69560665303693,0
"REDAN",197968,4.38,79831,10.96,0,4.57050863076231,82011.6395983459,10.9954348980491,0
"TATURA",298584,3.65,158327,3.05,0,3.76482099998132,162109.951902729,3.13341563763125,0
"ASHBURTON",630872,7.87,109597,1.65,0,8.20290374930018,112851.933699157,1.61004561669235,0
"BEACONSFIELD",472154,6.3,114157,8.52,0,6.57803746727516,117643.248763447,8.73011864815185,0
"HAMILTON",339960,4.71,137785,4.29,0,4.84049077983695,141891.411103033,4.31881614547732,0
"LORNE",166409,3.63,174526,4.07,0,3.7184243226012,179489.024262166,4.03912667872826,0
"ROXBURGH PARK",371124,3.64,140408,7.32,1,3.74271108353696,147346.525542497,7.66452987357581,1
"SCORESBY",304060,4.44,192243,5.47,0,4.60033642798607,202382.398724598,5.46663251163808,0
"SWAN HILL",494709,6.47,120791,7.36,1,6.62972078876711,124787.293975161,7.4758895162708,1
"TEMPLESTOWE",112749,3.58,165962,0.42,0,3.72677832294152,171306.832044869,0.399644372042575,0
"WARRAGUL",304408,3.66,74339,9.41,1,3.82894454499549,78335.5608339301,9.22316934931523,1
"ARDEER",292854,5.05,180636,6.61,0,5.15752686283606,188756.844716052,6.8669251252318,0
"BACCHUS MARSH",595045,7.87,187101,5.53,0,8.25247873998605,193039.124160254,5.67320436079716,0
"BEAUMARIS",445781,6.4,74955,2.97,0,6.62341766316168,78593.6523756331,2.98091594874417,0
"EAST MELBOURNE",338882,3.17,159410,1.84,1,3.31305180019066,164795.461595171,1.91362938610884,1
"HADFIELD",396924,5.5,105155,3.68,0,5.57786161575986,109725.270225046,3.67492914886038,0
"LEONGATHA",421833,4.78,172781,8.38,0,4.87588663500515,183096.952013413,8.43573291978936,0
"MCCRAE",470786,3.8,104084,1.91,1,3.88679490007375,107421.325957999,1.88749119381473,1
"ROSANNA",443287,5.57,192895,10.58,0,5.69316877528168,203932.652516265,10.7070023588528,0
"TAYLORS LAKES",487904,7,114247,7.55,0,7.11812112384759,117997.283054991,7.41334615584526,0
"THOMASTOWN",490071,5.75,80864,4.33,0,6.00718621793071,84228.8697625026,4.28041811287584,0
"WILLIAMSTOWN NORTH",215220,3.36,124680,2.07,0,3.44986147178932,129467.631155488,2.1665295364839,0
"KILMORE",346303,4.43,178411,9.8,0,4.64496667364911,187568.191227094,9.4190825062036,0
"MANSFIELD",404539,5.5,174999,5.33,0,5.68336392069383,178926.626452666,5.11960109901614,0
"MARYBOROUGH",192197,4,138685,2.14,0,4.06214314170318,144937.598269591,2.04226962816337,0
"WARRNAMBOOL",64894,4.12,147794,9.86,0,4.25116509618064,155246.760414924,9.68256389648362,0
"WERRIBEE",325528,3.52,170327,4.05,0,3.69509115679957,176950.300644054,4.00878284319951,0
"YARRAWONGA",384288,5.31,127491,8.12,0,5.48314246633989,130577.774388004,7.79074670298447,0
"AVONDALE HEIGHTS",240769,4.22,189482,11.23,0,4.26251554545787,195127.085742605,11.285174107797,0
"KYABRAM",375853,3.87,133515,2.25,0,4.0531407690758,139815.158259761,2.26874284403735,0
"LILYDALE",351639,5.73,123354,2.03,0,5.84113779788458,130239.31133004,2.08095841880351,0
"MERINDA PARK",246865,4.2,139178,5.35,0,4.35767288091559,144308.705708205,5.60464294238945,0
"METUNG",421809,6.05,73572,5.67,0,6.23514939749922,76692.6653697911,5.73767272421479,0
"MOUNT CLEAR",520567,6.11,92455,3.97,0,6.25063601017191,95148.7135428233,3.81582537025234,0
"MULGRAVE",467264,5.2,109404,5.25,1,5.31078902092469,113395.991416356,5.03397522770404,1
"QUARRY HILL",320960,5.74,203191,7.44,0,6.01064326443163,209992.126313228,7.64649486655588,0
"STUDFIELD",189665,4.06,179263,4.18,0,4.24869676549738,187548.719052241,4.24283966572802,0
"SUNSHINE WEST",438498,5.37,190328,8.46,0,5.53392136364355,201631.191282977,8.17397957792175,0
"THORNBURY",314197,5.14,128612,5.68,0,5.24454661220202,135368.263342671,5.53990846448425,0
"WATSONIA",532181,5.19,157342,1.36,1,5.26314620587891,161698.262404858,1.39403269267178,1
"DEER PARK",249730,3.73,97140,5.7,0,3.79066119632258,101327.427942153,5.73770879562922,0
"EPPING",187695,3.66,113950,2.74,0,3.77305765264842,116531.704596735,2.7632900171257,0
"HOPPERS CROSSING",234109,5.16,156800,7.03,0,5.27513610386351,161484.653933477,6.8261360959154,0
"KNOXFIELD",155023,4.17,107256,5.23,0,4.21871696612896,110139.975162541,5.29749732440698,0
"ST ALBANS",217810,2.91,105719,6.9,1,2.99208148365021,109252.321547748,7.08673373083101,1
"TRUGANINA",322955,4.44,161184,6.36,0,4.61692321834166,168784.238031457,6.60502041539501,0
"WEST FOOTSCRAY",273069,4.38,94190,5.29,0,4.58002498431619,97955.3142608159,5.41522346482875,0
"WESTMEADOWS",256958,3.85,119966,5.37,0,3.9786337430352,126842.015690587,5.41101372459184,0
"BALLARAT EAST",192223,4.45,107881,4.64,0,4.62324599804396,110956.682303668,4.7203923185625,0
"BRAYBROOK",109776,4.1,160337,8.73,0,4.20070755722185,165879.588075317,8.71700230677462,0
"BROOKLYN",558578,4.15,90261,5.2,1,4.27387553775001,93257.1329373546,5.05798708642116,1
"GREENSBOROUGH",407984,3.52,135676,5.78,1,3.65793146139661,139670.10403663,6.00091563026218,1
"LYNBROOK",429889,5.44,161218,7.39,0,5.65273843027621,170847.04020228,7.41410812591073,0
"MEADOW HEIGHTS",207013,2.71,113312,2.31,1,2.78311864707933,117333.33204021,2.33178752987501,1
"MITCHAM",289514,4.86,167978,8.46,0,5.01428893119894,177656.952701054,8.87463214103519,0
"SHEPPARTON",390551,5.24,200617,5.05,0,5.48604007916988,207762.764676159,5.29493291752768,0
"WENDOUREE",362274,4.17,145911,5.23,0,4.31711720050453,150020.388837469,5.27514064515497,0
"ALTONA MEADOWS",594885,6.3,193008,9.14,1,6.52492880567302,197788.471018896,8.71403693748396,1
"BALWYN NORTH",275134,4.1,134986,7.02,0,4.2696777279512,142305.28212776,6.94709557170748,0
"BROWN HILL",372075,5.63,101477,7.52,0,5.71224819625036,103636.82689054,7.84884454659827,0
"CAMPBELLFIELD",355645,3.99,194700,1.66,0,4.11335233294714,206104.705053986,1.62485889433442,0
"CLAYTON",312534,4.44,77168,5.27,0,4.65479507636173,80002.1991772427,5.53311459709846,0
"HALLAM",559962,7.73,173290,5.57,0,7.91912539326085,178470.500051976,5.3384648624591,0
"JOLIMONT",274889,4.33,173602,2.48,0,4.42438120856031,181361.635337794,2.49689231688929,0
"MANIFOLD HEIGHTS",264545,4.08,148669,4.3,0,4.2189171399867,152432.781663332,4.30664322487512,0
"MCKINNON",184200,3.96,138381,4.08,0,4.03462531685114,141547.963064627,3.98018398865402,0
"MELTON",316189,5,79624,7.75,0,5.16118903130473,83852.9368644979,8.09767052624995,0
"NIDDRIE",248602,4.4,118581,9.2,0,4.47139475391095,122966.935405034,9.30963751319753,0
"RYE",110376,4.29,101334,5.24,0,4.43239255785576,105461.353730528,5.09863962052501,0
"WILLIAMSTOWN",469258,6.03,142470,2.68,0,6.23559385909522,146326.355215377,2.64892491702067,0
"COBURG EAST",127158,3.79,170848,6.57,0,3.89132951261826,174684.728373158,6.71534773346152,0
"LAVERTON SOUTH",336755,4.53,109248,5.58,0,4.64465365228949,113040.112277598,5.46711476568454,0
"STRATHDALE",433006,4.8,177091,1.69,0,4.89512798945289,184218.17783921,1.75415344814834,0
"WALLAN EAST",266875,3.33,181720,6.11,1,3.40737885140343,190918.162104307,5.90572675165211,1
"BAIRNSDALE",248242,3.64,89222,4.39,0,3.74895917282306,92794.6344626003,4.28661773445067,0
"BURWOOD EAST",308285,4.5,135311,8.28,0,4.58957860218524,142252.492282804,7.98597605186713,0
"CANADIAN",309389,4.35,116442,2.36,0,4.5297131966267,119308.488949233,2.26658620594724,0
"CHELTENHAM",358074,2.54,197613,1.19,1,2.6374379805187,202070.855010877,1.16623753539221,1
"COLAC",329920,5.07,98464,3.73,0,5.17531522985721,101058.963438937,3.91619367238312,0
"GLEN WAVERLEY",576465,4.16,100496,0.14,1,4.2178132111401,105609.285228152,0.134320611785663,1
"GOLDEN POINT (BALLARAT)",194045,3.35,143545,1.99,0,3.38352412522385,150775.82231943,1.93288743617761,0
"JACANA",188844,3.96,78109,4.3,0,4.09412026621723,80112.8639137009,4.20179522360354,0
"KORUMBURRA",389762,5.22,129572,2.63,0,5.31633275025952,132324.050497074,2.66133110701619,0
"PORTLAND",337915,6.24,158574,9.48,0,6.30554058453734,166092.195910116,9.71258772019464,0
"ALPHINGTON",360231,4.42,138344,4.65,0,4.52768627584067,145843.804120839,4.76714915880713,0
"BOX HILL SOUTH",184350,4.41,158268,5.39,0,4.62379652875279,166207.40467012,5.12515479426503,0
"BROADFORD",500807,5.92,99249,7.91,0,6.14257845684674,102039.083841083,8.03011371291038,0
"BROADMEADOWS",339497,5.9,111954,7.82,0,6.1614322338897,116807.286046639,7.92223623966508,0
"GARFIELD",357535,4.88,87400,8.44,0,4.95705307198049,91795.7505593069,8.45490055151506,0
"HARKNESS",296021,4.72,74795,7.32,0,4.78103680359215,77056.2883182638,7.23158066694755,0
"MERNDA",364048,5.33,120722,8.65,0,5.38575814558027,125684.740423317,8.90728923080396,0
"OAK PARK",416294,6.5,87275,6.99,0,6.81347219540507,90118.2812702724,6.88087267600791,0
"CLAYTON SOUTH",442389,5.09,167982,1.69,0,5.20202127691798,172857.344390137,1.64437207398602,0
"GLENROY",236018,4.27,140250,9.44,0,4.39118344415182,148494.396123185,9.26072984479183,0
"HAMPTON",393037,6.8,192307,6.53,0,6.97531042561968,203172.975962245,6.49059008988143,0
"MELTON SOUTH",194762,4.56,189831,9.53,0,4.73883534501566,197011.68204137,9.25749669076661,0
"MIDDLE PARK",268990,3.31,149647,4.91,1,3.38413935037054,153458.677060162,4.96281748188689,1
"MOOROOPNA",230428,4.22,96652,4.23,0,4.35258444658525,101399.187867222,4.39252049266253,0
"RINGWOOD",608779,5.41,161260,6.76,1,5.67954400213636,166134.574569779,6.82453104393356,1
"WYNDHAM VALE",330173,3.39,116741,3.75,1,3.48411501756228,119862.737486854,3.73000061530402,1
"ALTONA NORTH",194646,4.01,97421,4.9,0,4.13852395512824,100856.177537483,5.0454656954502,0
"CHADSTONE",200946,3.77,178081,4.43,0,3.88348123179647,185416.867354649,4.53988110993342,0
"ECHUCA",290296,3.84,156883,8.8,1,4.00176939388969,160632.129250529,8.68301114694701,1
"EPSOM",332011,5.53,107300,9.37,0,5.64432493147223,111899.935862324,9.46759180201344,0
"LAVERTON",145550,3.57,191610,3.71,0,3.63003854870519,195559.836083531,3.79527170117798,0
"MILL PARK",175425,4.09,181382,7.72,0,4.25426964069213,191480.39975794,7.52349763519101,0
"TULLAMARINE",326136,4.35,102789,6.22,0,4.46581756442815,108630.464699971,6.13682235279037,0
"BLACKBURN",234538,3.59,78997,2.83,0,3.75711105488905,82893.3556758046,2.71843462796564,0
"CAMBERWELL",434985,5.59,127942,2.76,0,5.7899340163034,132888.490577272,2.89459975681269,0
"CHELTENHAM EAST",398458,4.06,182963,5.44,1,4.19224932134199,188487.723454043,5.21471744183019,1
"COBURG NORTH",218163,3.87,166549,6.36,0,3.91960675208705,174837.224983836,6.14923349557859,0
"HILLSIDE (MELTON)",306799,4.45,94264,3.22,0,4.62451331911453,99662.6772577924,3.21350588779185,0
"PRESTON",440155,5.16,159880,13.98,1,5.35319873144187,164091.45474956,14.4906500232953,1
"RIPPONLEA",366377,6.52,182301,17.33,0,6.75213075790625,189343.812578838,17.0802435457688,0
"SUNBURY",313902,4.47,85662,6.19,1,4.56260222281444,88455.4776906444,6.3562610153219,1
"HUGHESDALE",242602,3,121893,5.66,1,3.14360871860093,126070.233075687,5.75963528549699,1
"KURUNJANG",228365,4.1,107551,0.6,0,4.19375144083338,111447.606205563,0.608319844629581,0
"MALVERN EAST",316006,3.51,108913,9.3,1,3.56647322632825,115237.779810181,9.62086604339916,1
"MORDIALLOC",464267,5.14,135427,2.35,0,5.39436855745464,139536.598229315,2.23583001806273,0
"PARKDALE",223490,4.28,171057,6.75,0,4.45055736298599,177849.166040313,7.03967830102826,0
"SYDENHAM",393591,5.23,160723,3.9,0,5.36907341578264,170054.496836316,4.02839821033115,0
"AIRPORT WEST",85604,3.64,157220,3.22,0,3.8126694323374,163358.226571205,3.36099324472789,0
"CLIFTON HILL",387579,5.07,80135,8.21,0,5.13917860352147,84505.881907567,8.45103565264634,0
"NEWPORT",278762,5,162185,15.46,0,5.06753224328531,165809.930596958,16.0453023159243,0
"OAKLEIGH EAST",368101,4.01,156188,2.54,0,4.15956514338803,165265.836599957,2.46458182424267,0
"BURWOOD",568977,6.61,193316,7.92,0,6.72315580959137,198632.43084874,7.77682942096662,0
"FAWKNER",175743,2.6,89578,0.16,1,2.7213825095801,94880.7848216464,0.157043536215532,1
"HAMPTON EAST",302986,3.63,103709,2.05,0,3.7883201521082,106511.536044764,1.969879182905,0
"PASCOE VALE",378634,3.15,82747,5.02,1,3.22010227023675,85872.7379632876,5.13524878615286,1
"CARLTON NORTH",115056,4.34,87066,10.08,0,4.53770255148196,89882.1131729302,9.71326025982857,0
"CAULFIELD",425045,5.7,126143,4.17,0,5.76677839263767,130851.824446048,3.98339632225497,0
"FAIRFIELD",214489,3.23,100706,8.86,1,3.33318401057368,103729.293778358,9.10404592686879,1
"FITZROY",327735,4.26,141769,6.24,0,4.46201989663999,150078.463369698,6.49250981791272,0
"GLEN IRIS",202528,5.9,184511,11.03,0,6.16087038302883,190457.604901452,11.3213280528055,0
"KEW NORTH",535147,5.08,77608,1.44,0,5.20315409939636,81188.1343750192,1.4868507186478,0
"MOUNT MARTHA",199030,4.51,146114,13.09,0,4.58808982651633,149839.60009981,13.2151687762805,0
"STRATHMORE",316914,3.1,98738,6.41,1,3.15710703296206,103968.694859164,6.65854540260336,1
"TRARALGON",370572,4.13,126702,7.48,1,4.25629670145855,131985.513658342,7.47753420480368,1
"ALTONA EAST",371684,4.67,192466,4.68,0,4.82817718590865,203855.723112162,4.90853498545213,0
"COBURG",166435,4.47,165724,3.5,0,4.52056719981231,171845.1963593,3.36119526496931,0
"DONCASTER EAST",270846,4.02,172272,1.92,0,4.12669909072497,177064.247852719,1.97936269568667,0
"GEELONG",575209,7.28,105762,6.44,0,7.59460872807551,109341.066456755,6.53105478391126,0
"MONT ALBERT",257069,3.13,151671,8.47,1,3.21692998456952,159175.472417672,8.53830721978335,1
"NORTH GEELONG",280762,5.27,78584,3.86,0,5.35836217241214,82227.4890738376,3.94716286491239,0
"TARNEIT",267362,3.91,116727,3.19,0,4.09844014982819,122695.70631396,3.29855299832483,0
"HUNTINGDALE",248733,4.58,173828,6.27,0,4.67458167891453,177815.407758131,6.497528309909,0
"TOORAK",331548,5.43,110441,5.42,0,5.65771861929572,115213.680316714,5.24405648191564,0
"BALLAN",254457,4.29,198202,0.33,0,4.36615507894376,209556.347845038,0.320002185681848,0
"CARNEGIE",266549,3.52,185291,2.98,0,3.6147827202744,189796.550182506,2.83581761983505,0
"CRAIGIEBURN",422603,4.61,147213,3.33,0,4.74653391633448,150712.755058814,3.20740353844483,0
"FOSTER",392646,3.3,148681,1.09,0,3.39908385906517,155916.438140845,1.06426319172064,0
"KEW",293105,4.34,189632,8.13,1,4.47305986350228,195815.387178666,8.30970212373338,1
"CRANBOURNE EAST",285781,4.18,148332,8.27,0,4.25941122880333,155206.17485725,8.24995972994508,0
"GARDENVALE",376287,4.67,147452,5.91,0,4.81307301950228,153617.761488732,6.06242098953016,0
"MENTONE",322261,4.92,153416,4.46,0,5.06400106996314,162535.456098235,4.45399498812767,0
"OAKLEIGH",224494,4.67,114656,7.88,0,4.75568880206319,121026.546101695,7.92381079289305,0
"SAN REMO",213061,4.01,103424,1.93,0,4.20860592614439,108297.63997441,1.85493585121256,0
"SOUTH MORANG",211852,4.52,156527,10.03,0,4.72169386141581,161295.905768002,10.3073879595301,0
"BENTLEIGH",458441,6.07,168328,6.32,0,6.34620353802826,173458.019084739,6.48313596835012,0
"EAST GEELONG",433850,3.4,107119,3.03,1,3.52723766285207,113041.582946926,2.97169116227923,1
"SPOTSWOOD",384426,4.6,152777,6.22,0,4.67542105364728,159409.606077183,6.11337556439185,0
"SURREY HILLS",172925,4.21,150187,4.46,0,4.34776670356072,157932.334520042,4.33497792695562,0
"WILLIAMS LANDING",230541,5.34,157283,13.6,0,5.56885950531561,163258.899679869,14.0268219594092,0
"GREENVALE",567378,6.66,125329,6.76,0,6.73691940058666,128352.304632316,6.92697659812616,0
"LOVELY BANKS",287056,4.91,162470,6.38,0,5.05648358548569,167881.462754808,6.44963625696155,0
"MOONEE PONDS",329091,5.06,162432,7.94,0,5.19077527091097,166727.671437066,7.73262474988498,0
"NUMURKAH",158165,4.13,74224,3.54,0,4.20634300533972,78029.7103586547,3.42383607974527,0
"SALE",586224,6.69,172737,5.05,0,6.8581197010076,181031.913582296,4.82288576984318,0
"ALBERT PARK",317800,5.09,155375,9.71,1,5.34114009321302,159031.986312642,9.26878874880694,1
"DANDENONG",168849,5.25,179288,13.25,0,5.45438109853597,187330.037814929,12.835455385246,0
"FITZROY NORTH",438234,5.57,186282,9.29,0,5.69243686142733,196521.06842056,8.91889472252827,0
"IVANHOE",437495,4.81,188558,8.44,0,4.97457031190491,197588.904672481,8.48735487594654,0
"KEILOR EAST",376056,4.86,156417,1.44,0,4.95654997311154,162743.203683731,1.4195649784024,0
"MOORABBIN",384448,5.92,193691,9.87,0,6.12384783765695,199981.024460924,9.81566148699996,0
"NORTH MELBOURNE",266537,3.71,160859,6.21,0,3.88009113671956,169784.079841666,6.26841572100764,0
"WESTGARTH",232664,2.05,95755,2.49,1,2.11616389759529,99289.5272595765,2.52961633459303,1
"ESSENDON",198090,2.57,164900,3.43,1,2.67108734947654,173840.176055222,3.48083318991972,1
"GEELONG WEST",287410,4.87,138771,7.16,0,5.00701043694993,145892.726821975,6.98877331616372,0
"HEIDELBERG",129806,3.61,177658,2.59,0,3.72178349371068,187011.530007915,2.67019339825669,0
"HIGHETT",344026,5.09,189803,8.76,0,5.28241728603449,201113.72154877,9.12591367084925,0
"PASCOE VALE SOUTH",204419,3.72,74676,4.84,0,3.87808586475165,78406.0916372532,4.75091416005603,0
"BRUNSWICK",178130,3.67,105041,4.89,0,3.80350746354194,107284.847757153,4.65384498870081,0
"CAULFIELD NORTH",301766,4.58,152671,1.04,0,4.80487653328067,156978.972171498,1.08151203541144,0
"ELSTERNWICK",191714,4.22,107804,6.57,0,4.40058605282035,110111.847119426,6.84827151755043,0
"NORTHCOTE",327893,4.33,150930,5.62,0,4.50790414743808,155095.146204452,5.36763189951212,0
"GLEN HUNTLY",299894,3.84,81679,4.03,0,4.00820760253149,83513.3127117332,3.83049750651926,0
"HAWTHORN",276606,5.2,198584,11.74,0,5.31049187456826,206540.204740277,12.1114592152335,0
"MAIDSTONE",276692,4.83,123125,7.8,0,4.96177151014283,125726.41559968,7.64514141649682,0
"CLAYTON NORTH",175103,3.36,191543,0.5,0,3.46946381623223,198994.628739104,0.520729108364799,0
"ALBION",599985,6.51,158771,1.79,0,6.69550539732248,167654.814786574,1.73929709961525,0
"ARMADALE",335566,5.09,101838,7.59,0,5.31344241179042,106924.099358744,7.86411635364008,0
"BRUNSWICK EAST",438294,5.59,136193,5.38,0,5.65195252055308,144059.267564396,5.14793061711207,0
"CAROLINE SPRINGS",451042,6.36,85609,8.63,0,6.47681422614403,88097.3001461809,8.42342959923196,0
"ELWOOD",368493,3.53,79656,0.03,1,3.68979696358946,82941.2868716632,0.0314193866374369,1
"HEATHERTON",282039,4.69,188710,2.79,0,4.7479871858282,194888.965144277,2.71500386655843,0
"PRINCES HILL",136894,3.96,168339,8.38,0,4.03555494729163,175030.94522348,8.07246488065489,0
"ASCOT VALE",353536,4.81,117747,10.13,0,4.92568056356443,122725.700308242,10.4916963629551,0
"BOX HILL",165964,3.29,129910,0.73,0,3.42169745780282,132696.237608405,0.702099457798588,0
"KENSINGTON",208598,4.85,87420,12.96,0,5.00717505505637,89984.0500536198,12.438303116719,0
"MARIBYRNONG",128685,3.46,114496,2.99,0,3.6267172908648,120013.666565293,2.93720411512267,0
"PRAHRAN",169780,4.16,134817,6.28,0,4.23951840250814,141681.493499378,6.36498630214289,0
"SOUTH MELBOURNE",204078,4.19,188939,6.64,0,4.37806737987611,197021.442876869,6.77993559218905,0
"WANTIRNA SOUTH",341593,3.77,154589,5.17,0,3.85036335425419,159355.467544062,5.36710045123876,0
"FOOTSCRAY",298743,3.03,169958,6.36,1,3.09005438900614,176111.051452399,6.38601973050999,1
"KERANG",209906,3.86,94659,3.73,0,3.97554913058654,96915.8099430352,3.69024483446184,0
"ST KILDA EAST",313417,3.63,179985,2.94,0,3.67663889416324,190447.021333137,2.89849712597933,0
"BALACLAVA",438868,6.77,98622,9.14,0,6.94177033911858,104021.268382628,9.45706909382841,0
"PORT MELBOURNE",307994,4.07,75129,7.94,0,4.16860404760827,76828.7255488324,8.11770935572924,0
"WEST MELBOURNE",410199,3,115113,5.32,1,3.04921218668421,118181.869599837,5.53568823530177,1
"ALFREDTON",375463,4.48,155931,5.45,0,4.67905443627326,162674.04549236,5.70289932337373,0
"BUNDOORA",264941,2.95,105400,4.45,1,3.02503497795771,108487.925192529,4.36102262205729,1
"DONCASTER",378569,3.74,98605,6.96,1,3.92429525885525,104262.563233107,6.98065318661578,1
"WINDSOR",353864,4.83,98684,4.04,0,5.0521235757541,103640.268035307,4.09325560617539,0
"IRYMPLE",116905,2.72,109217,2.96,1,2.76839540411321,112595.263166624,2.86049928824583,1
"PORT FAIRY",184357,3.56,130931,2.42,0,3.66752939734092,133581.574554743,2.31190998220985,0
"WHITE HILLS",398353,5.85,102508,2.76,0,6.04932216837777,107836.150127097,2.86150284029583,0
"MICKLEHAM",302970,5.11,192499,7.16,0,5.32849552680168,199614.45380034,7.18543483370085,0
"BRIGHT",466882,4.64,182590,4.12,0,4.8507752943353,190933.469856324,4.14915897714034,0
"COWES",578163,5.64,122046,9.67,1,5.83717846557268,125887.885181735,9.72310217202883,1
"OFFICER",320672,4.79,193523,9.37,0,4.84463171332205,198499.430470831,9.60889818042823,0
"EAST BENDIGO",286148,2.76,161331,5.08,1,2.8407329200268,168915.567776575,4.89991498789848,1
"DOREEN",262364,5.37,195654,5.66,0,5.61375579957283,203091.39227877,5.72455141747669,0
"APOLLO BAY",282834,4.03,72912,6.17,0,4.18541124393013,75056.1077297766,6.1511688586434,0
"ANGLESEA",330227,3.8,188355,2.6,0,3.97026157509424,193159.016874332,2.70320912147201,0
"COLLINGWOOD",85746,3.3,123912,9.6,1,3.4219785322434,129267.375500258,9.61883610038047,1
"HAWTHORN EAST",376149,5.18,83678,8.84,0,5.24092405403366,87780.0627158676,9.23155451708156,0
"KINGSBURY",379990,6.94,86959,7.5,0,7.27811864776296,89685.6410535706,7.38993974563493,0
"COBRAM",73039,3.43,70733,1.95,0,3.59025214376616,74227.6134781083,2.04104446774605,0
"MURRUMBEENA",299272,4.02,190948,9.1,0,4.08055399001795,196165.632704145,9.44139373276351,0
"EAGLEMONT",324969,6.56,102642,12.24,0,6.6551701621798,106084.266534615,12.3431382666361,0
"JUNCTION VILLAGE",238819,5.23,150500,12.47,0,5.39507522229979,157994.191366536,12.2875762868488,0
"YARRAVILLE",444834,4.76,114617,1.88,0,4.95174247889963,119935.886791656,1.85667359120108,0
"BURNLEY",230113,4,79532,4.41,0,4.10114771391012,81983.2514037969,4.53028367012811,0
"FISHERMANS BEND",276832,4.24,123803,4.21,0,4.30553041493693,126883.887183861,4.24394579884217,0
"ORMOND",246136,4.22,79631,5.73,0,4.34838186947429,81358.908052079,5.67360968647392,0
"SEDDON",292530,4.26,161076,6.3,0,4.36012126961171,169696.241020827,6.38571462568966,0
"BRUNSWICK WEST",187030,4.45,83218,12.21,0,4.55711540808814,85132.4865103655,12.4947779788371,0
"CREMORNE",306165,4.25,100367,3.37,0,4.40214754126287,102835.40653566,3.2092174727322,0
"CAIRNLEA",296267,4.47,137952,3.11,0,4.67304672814224,142022.74627471,2.98244733114755,0
"DOCKLANDS",474099,6.09,112272,5.54,0,6.28697294563644,116518.889161377,5.31534493398552,0
"KEW EAST",365452,4.95,93194,5.63,0,5.13564529714427,98002.0166862224,5.47907873236326,0
"SOUTHBANK",545883,5.16,164209,2.56,0,5.34781305904998,169118.719873699,2.54130955244219,0
"SPRING GULLY",248846,3.39,95110,7.65,1,3.49863542371072,99079.9227800598,7.88229217295881,1
"ST KILDA",370520,5.54,75837,6.6,0,5.66426400506122,77627.8832381884,6.50172536309971,0
"MELBOURNE",283857,3.97,137706,3.55,0,4.06969371656375,143018.758098933,3.37870461487511,0
"NOTTING HILL",434092,4.4,158874,0.04,0,4.49956386853431,163180.368697353,0.0399334474118069,0
"ST KILDA WEST",225889,4.66,169196,7.15,0,4.87762164518426,174009.230679922,7.50508944572861,0
"SUNSHINE",363255,4.5,178547,1.77,0,4.69379136069188,184737.784656994,1.74327671623092,0
"WERRIBEE SOUTH",133663,4.13,77610,1.14,0,4.26700818599502,81525.7277958469,1.19258301513947,0
"PARKVILLE",435400,6.8,118480,9.09,0,7.11613022410498,124375.500488583,8.72762272420301,0
"SOUTH YARRA",306203,3.11,133574,8.57,1,3.25136924142761,138462.664014442,8.28984640682485,1
"RICHMOND",418904,5.88,190418,3.32,0,6.15699372282163,195130.24495356,3.39440852728838,0
"FLEMINGTON",362415,4.46,125649,1.44,0,4.54416445620575,129572.724854576,1.44017459265178,0
"CAULFIELD EAST",226000,3.89,72531,2.45,0,4.04054347267606,75447.7783931003,2.51495484184914,0
"IVANHOE EAST",364112,7.61,89375,14.57,0,7.87154793777671,94270.6471088351,15.0997045087071,0
"KINGSVILLE",443788,3.98,98506,5.74,1,4.13662583754327,104291.275563472,5.59712271885903,1
"MALVERN",443278,6.42,188738,2.87,0,6.55183582065422,197325.359573382,2.92247197191621,0
"TRAVANCORE",329332,4.71,191014,7.17,0,4.88800202905897,197513.721171835,7.2471500866664,0
"CARLTON",430220,4.76,190291,0.1,0,4.88563134930444,199375.138046278,0.103615350291921,0
"ESSENDON NORTH",441528,6.61,164226,4.91,0,6.89663387094339,169719.229211411,4.87568101519945,0
"KOOYONG",405436,5.33,171760,5.23,0,5.55287197260449,179492.452814353,4.99562823526167,0
"YARRAM",357438,3.95,180458,2.54,1,4.02289450251571,185826.745119802,2.55884327632722,1
"ABBOTSFORD",369968,4.69,176509,5.03,0,4.77139124985326,181924.216346626,5.26081579451658,0
"ARARAT",305449,4.7,125448,0.19,0,4.88193356360155,128334.435987761,0.180777992410599,0
